exp_name,constraint mean,constraint median,constraint std,distribution mean,distribution median,distribution std
spiral_base_dps,0.26254576,0.19942462,0.23101737,0.0953178338259458,0.074404627084732,0.070730563634568
spiral_base_trust,0.2051624655723571,0.0301302075386047,0.2750891745090484,0.0102721242904663,0.0081783235073089,0.0078953573516213
spiral_base_trust_repeatmiddleonly,0.288659393787384,0.2365648746490478,0.1788674145936966,0.035484185308218,0.0183227360248565,0.0526804604616311
spiral_base_dsg,0.7363532781600952,0.6671397686004639,0.5438874363899231,0.0146392911672592,0.0099493861198425,0.02212796418246
spiral_base_dsg_gr1,0.0562429316341877,0.026289701461791992,0.07723069936037064,0.12237969017028809,0.10254040360450745,0.0703075149615836
